policy.number,policy.code,recognizablename,policy.effective
PPK0001000,TRAFF-1,"Traffic Jam & Snug of Michigan, Inc.",2/1/2015
PPK0001001,LEGEN-1,Legends Coney Island,2/2/2015
PPK0001002,SPRIN-2,Springwells Liquor,2/4/2015
PPK0001003,MOTOR-2,Motor City Truck Plaza,2/4/2015
PPK0001004,VSOPL-1,VSOP Liquor,2/7/2015
PPK0001005,OLYMP-3,Olympic Grill of Wayne State,2/11/2015
PPK0001006,BONGO-1,"Bongo's / Hunt & Grunt, LLC",2/1/2015
PPK0001007,BAR15-1,"Doa Doa, Inc., dba:  Bar 153",2/6/2015
PPK0001008,FLEXF-1,Flex Fuel,2/12/2015
PPK0001009,LAKEC-1,Lake City Family Diner,2/10/2015
PPK0001010,TIPSY-1,Tipsy Toad,2/9/2015
PPK0001011,DABAF-1,Dabaja Properties Management LLC,2/5/2015
PPK0001012,I75PE-1,I75 Petroleum,2/5/2015
PPK0001013,DANSC-1,Dan's Coney Island,2/5/2015
PPK0001014,BUYO-1,Buy Now Gas & Oil,2/11/2015
PPK0001015,SYFUE-1,Sy Fuel,2/10/2015
PPK0001016,M&FSE-1,M&F Service,2/11/2015
PPK0001017,NISRI-1,Nisrine Mini Mart,2/10/2015
PPK0001018,GREEN-6,"Green Dot Stables, JCD Detroit ",2/12/2015
PPK0001019,ZACKS-1,Zack's Restaurant,2/10/2015
PPK0001020,YEMEN-1,Yemen Fuels Inc.,2/11/2015
PPK0001021,KADAD-1,Square One Party Store / Kadadui Food Stores,2/11/2015
PPK0001022,DEARB-1,Dearborn Pizza,2/18/2015
PPK0001023,S&REN-1,S&R Enterprises,2/17/2015
PPK0001024,AUGGI-1,Auggie's Smokehouse,2/12/2015
PPK0001025,ALKAT-1,"Alkathi, Inc.",2/18/2015
PPK0001026,DUNKI-1,Severnty Five LLC / Dunkin Donuts,2/12/2015
PPK0001027,SUNOC-1,Sibley 75 LLC / Sunoco Plaza,2/15/2015
PPK0001028,FENKE-1,"Fenkell Gas Mart, Inc.",2/18/2015
PPK0001029,NEWYO-1,New York red Hots Coney Island,2/17/2015
PPK0001030,WYOMI-1,Wyoming Oil & Gas,2/21/2015
PPK0001031,MLKMA-1,MLK Market,2/21/2015
PPK0001032,BLISS-2,Blissfield Market,2/9/2015
PPK0001033,WAWAV-1,WaWa Fill Up,2/18/2015
PPK0001034,MADIS-1,Madison Club Bar,2/18/2015
PPK0001035,POLON-1,Polonia Restaurant,2/22/2015
PPK0001036,3STAR-1,3 Star BBQ,2/22/2015
PPK0001037,LINWO-1,Linwood Service Inc.,2/21/2015
PPK0001038,EASTS-1,East Side Tavern,2/24/2015
PPK0001039,L&APE-1,L&A Petro Inc.,2/23/2015
PPK0001040,NONIS-1,Noni's Grill,2/19/2015
PPK0001041,CASSR-1,Cass Restaurant,2/20/2015
PPK0001042,CAESA-1,Ceasars Liquor Store,2/24/2015
PPK0001043,MIMAS-1,Mimas,2/24/2015
PPK0001044,CANTO-2,"Canton City Market, Inc.",2/28/2015
PPK0001045,B&BWO-1,B&B Woodward Marathon,2/24/2015
PPK0001046,KCLIQ-1,KC Liquor,2/23/2015
PPK0001047,CLUBM-1,Club Marathon,2/26/2015
PPK0001048,i94de-1,I94 Petroleum,2/28/2015
PPK0001049,LASHE-2,Lasher Fuel,2/24/2015
PPK0001050,7MILE-1,7 Mile Fuel Mart Inc.,2/24/2015
PPK0001051,GROES-3,Groesbeck Enterprises,2/17/2015
PPK0001052,OBRAD-1,O'Brady Inc.,3/1/2015
PPK0001053,SEVEN-1,Seven Lakes Party Stores,3/1/2015
PPK0001054,SUGAR-4,Sugar House,3/1/2015
PPK0001055,ASILP-1,Asil Petro,3/1/2015
PPK0001056,DOOLE-3,Dooley's Tavern,2/28/2015
PPK0001057,JIMSP-1,Jim's Properties,2/28/2015
PPK0001058,DELUS-3,Deluxe Coney Island,3/1/2015
PPK0001059,LULAS-1,Lula's Nevada Coney Island,3/1/2015
PPK0001060,PARTY-1,Party Hut / Marei Market Inc.,3/1/2015
PPK0001061,SALAH-1,Salah Awada,2/28/2015
PPK0001062,ALDOS-1,Aldo's Coney Island,3/2/2015
PPK0001063,ABEER-1,Abeer Fuel,2/27/2015
PPK0001064,NASIF-1,Nassif Petro,2/28/2015
PPK0001065,TOMSC-1,Tom's Coney Island,3/2/2015
PPK0001066,JAMLI-1,Jam Lin,3/2/2015
PPK0001067,AWADS-1,Awad Superior LLC,3/2/2015
PPK0001068,ALSCO-1,Al's Coney Island,3/2/2015
PPK0001069,D&HPE-1,D&H Petroleum,3/3/2015
PPK0001070,SOUTH11,Southside Bar & Grill,3/3/2015
PPK0001071,SANMI-1,San Mini Mart,3/5/2015
PPK0001072,HAPPY-5,Happy Four,3/6/2015
PPK0001073,MBOIL-2,MB Oil,3/6/2015
PPK0001074,BIGNI-1,Big Nick's Coney Island,3/5/2015
PPK0001075,WHGAS-1,W&H Gas & More Inc.,3/5/2015
PPK0001076,LOSAL-6,Los Altos,3/6/2015
PPK0001077,HAMPTO-2,Boney Moroney,3/7/2015
PPK0001078,EASTB-2,Eastburn Fuel Mart,3/4/2015
PPK0001079,AHMED-3,Ahmed Beydoun Service,3/3/2015
PPK0001080,MCHEI-1,Mcheik Oil Corp,3/15/2015
PPK0001081,MEYER-8,Meyer Fuel,3/3/2015
PPK0001082,TEL12-1,Tel-12 Fuel,3/1/2015
PPK0001083,ROUND-2,"Round Haus Pizza & Party Shop, Inc.",3/11/2015
PPK0001084,MIDFI-1,Midfield Gas & Oil Co,3/9/2015
PPK0001085,SABAS-1,Saba's Mini Mart,3/12/2015
PPK0001086,TIMHO-1,Tim Horton's Coffee,3/2/2015
PPK0001087,BENCH-2,Benchmark Liquor,3/9/2015
PPK0001088,WOODW-1,Woodward Bar,3/1/2015
PPK0001089,CROSW-1,"Carol Investments, Inc.",3/6/2015
PPK0001090,ASNJI-1,ASNJ Inc.,3/7/2015
PPK0001091,MILAN-1,Milan & I23 Gas,3/10/2015
PPK0001092,GRAND-4,Grandy Mack LLC,3/7/2015
PPK0001093,JEFFE-2,Jefferson Oil,3/14/2015
PPK0001094,MGEOR-1,M-Georges Coney Island,3/28/2015
PPK0001095,MIDTO-2,Midtown Zef's Grill,3/10/2015
PPK0001096,MOUND-1,"Mound Petro Express, Inc.",3/11/2015
PPK0001097,COLOM-1,"Colombos Coney Island, Inc.",3/11/2015
PPK0001098,L&JFI-1,"L&J Fill Up, Inc.",3/9/2015
PPK0001099,NORTH23,North River Petro,3/11/2015
PPK0001100,GALAX-1,"Galaxy Coney, Inc.",3/11/2015
PPK0001101,DRINK-1,Drinks Saloon,3/11/2015
PPK0001102,GLADW-1,Gladwin Family Diner,3/15/2015
PPK0001103,ROYAN-1,Roy and Mary Zook,3/18/2015
PPK0001104,DOSHE-1,"Dos Hermanos, Inc.",3/18/2015
PPK0001105,CASEY-4,Casey's Bar,3/16/2015
PPK0001106,FSFUE-1,"F & S Fuel Food, LLC",3/18/2015
PPK0001107,ADVAN43,"Advanced Fuel Stop, Inc",3/17/2015
PPK0001108,MANZO-1,Manzoor & Sons,3/13/2015
PPK0001109,RUSTY-1,Rusty Nalis,3/13/2015
PPK0001110,AVENU-1,Avenue Sports & Grille,3/17/2015
PPK0001111,I96SC-1,"I-96 Schoolcraft, Inc.",3/29/2015
PPK0001112,AHMAD-7,Ahmad Makky,3/18/2015
PPK0001113,ZETOU-1,Zetouna Inc.,3/22/2015
PPK0001114,ACTIO-9,Action Market Two,3/18/2015
PPK0001115,STATE-7,State Liquor,3/18/2015
PPK0001116,PRINC-5,Prince Liquor,3/18/2015
PPK0001117,CONTA-1,"Conant Mini-Mart, Inc.",3/18/2015
PPK0001118,HOLBR-1,Holbrook Liquor,3/4/2015
PPK0001119,TEMPF-1,"Temp Fuel Management, Inc.",3/31/2015
PPK0001120,F&KFA-1,"F&K Fast Fuel, Inc.",3/18/2015
PPK0001121,DEVON-2,Devonshire Drugs,3/20/2015
PPK0001122,ROSEB-1,Roseberry Market,3/21/2015
PPK0001123,I&BMI-1,"I & B Mini Mart, Inc.",3/23/2015
PPK0001124,PLYMO-2,Plymouth Beach Sunoco,3/23/2015
PPK0001125,C&SRE-1,C & S Red Ribbon Bar,3/23/2015
PPK0001126,EYPIN-1,"EYP, Inc.",3/14/2015
PPK0001127,EIGHT-2,Eight Mile Fuel Mart,3/18/2015
PPK0001128,MANHA-1,Manhattan Fish & Chicken Inc.,3/6/2015
PPK0001129,LSNPR-1,LSN Properties LLC,3/18/2015
PPK0001130,FILL&-1,"Fill & Go Petro Mart, Inc",3/21/2015
PPK0001131,MOOSE-1,Moose Winooski's,3/22/2015
PPK0001132,ZREIK-1,"Zreik Petroleum, Inc.",3/24/2015
PPK0001133,EPITO-1,Epitome's Lounge,3/24/2015
PPK0001134,COYOT-2,Coyote Joe's,3/27/2015
PPK0001135,UNIVE06,Universal Coney Island,4/2/2015
PPK0001136,SALAH-2,Salah Hazimi,3/25/2015
PPK0001137,HAWPK-1,Hawkpeak Brewing Company,3/23/2015
PPK0001138,STOPG-1,"Stop & Go #11, Inc.",3/9/2015
PPK0001139,LAVAK-1,"The Lava Kitchen, LLC",3/25/2015
PPK0001140,LIVER-2,"Livernois Fast Stop, Inc.",3/26/2015
PPK0001141,RACEW-2,"Raceway Petrol, Inc",3/26/2015
PPK0001142,AMJFO-1,"AMJ Food & Gas, Inc.",3/27/2015
PPK0001143,DIXIE-5,Dixie Food Mart Inc.,3/10/2015
PPK0001144,BRAIL-7,"Braile Mini Mart, LLC",4/9/2015
PPK0001145,PETES-2,Petes Grill & Coney Island,4/4/2015
PPK0001146,HESSL-1,Hess Lake Party Store,3/31/2015
PPK0001147,PANGB-1,"Pangborn Bunni Investment, LLC",4/10/2015
PPK0001148,KELLY-7,Kelly's Market,4/1/2015
PPK0001149,GREKA-1,Greka's Tavern,3/31/2015
PPK0001150,NICKS-2,Nick's Country Oven,4/5/2015
PPK0001151,NYPET-1,"N.Y. Petroleum, Inc.",4/1/2015
PPK0001152,GRAND-5,Grand River Save A Lot,4/1/2015
PPK0001153,BPGAS-1,"Iak Patrol, Inc.",3/31/2015
PPK0001154,D&FRE-1,"D & F Retail, Inc.",4/1/2015
PPK0001155,LEGOR-1,L. George's Coney Island,4/1/2015
PPK0001156,GRASS-3,Grasshopper Pub,4/3/2015
PPK0001157,HAMMO-1,Hammound Real Estate Holdings,4/1/2015
PPK0001158,AMOCO-2,"Amoco Joy & Greenfield, Inc.",4/1/2015
PPK0001159,DIABH-2,Diab Hachem,4/2/2015
PPK0001160,DOSHE-2,"Dos Hermanos Restaurant, Inc.",3/25/2015
PPK0001161,REDAP-1,Red Apple Restaurant,4/2/2015
PPK0001162,PSNEN-1,"PSN Enterprise, Inc.",4/4/2015
PPK0001163,MOTOR-3,Motor City Grill,4/2/2015
PPK0001164,SGMIN-1,"SG Mini Mart, Inc.",4/2/2015
PPK0001165,PALAC-2,Palace Plaza,4/3/2015
PPK0001166,AMORI-1,"Amori's Market Place, Inc.",4/3/2015
PPK0001167,MOROS-1,Moross and Kelly LLC,4/1/2015
PPK0001168,3BPAR-1,3 B Party Store,4/8/2015
PPK0001169,ATMAN-1,"AT Management Services, Inc.",4/21/2015
PPK0001170,WHITE14,Whitetails 2,4/1/2015
PPK0001171,LEGEN-2,Legends Grill,4/5/2015
PPK0001172,MOUHA-1,"Mouhajer Enterprise, Inc.",4/5/2015
PPK0001173,ROUND-3,Roundtree Bar & Restaurant,4/5/2015
PPK0001174,BKZEN-1,BKZ Enterprises,4/3/2015
PPK0001175,FENDE-2,Fenders Bar & Grill,4/5/2015
PPK0001176,EMBAS-2,Embassy Coney Island,4/6/2015
PPK0001177,F&EOI-1,"F & E Oil, Inc.",5/1/2015
PPK0001178,B&DGA-1,"B & D Gas & Mart, Inc.",4/26/2015
PPK0001179,DOULA-1,"Doulani, LLC",4/10/2015
PPK0001180,BROAD01,Broadway Market,3/29/2015
PPK0001181,LIBER-5,"Liberty Oil, LLC",4/20/2015
PPK0001182,MAGIC-6,MAGIC-6,4/10/2015
PPK0001183,GRATI-1,"Gratiot Fuel Stop, Inc.",4/14/2015
PPK0001184,NAJEE-1,Najeeb Kabob House,4/8/2015
PPK0001185,J&MCO-1,"J & M Consumer, Inc.",4/8/2015
PPK0001186,CORNE-3,Corner Liquor Shoppe,3/24/2015
PPK0001187,PIERS-1,Pierson Grill,4/12/2015
PPK0001188,PKPRO-1,PK Properties,4/9/2015
PPK0001189,COURT-4,Wyoming & Six Food Market,4/9/2015
PPK0001190,DORTL-1,Dort Liquor,4/11/2015
PPK0001191,HJMPE-1,"HJM Petro Mart, Inc.",4/10/2015
PPK0001192,HASSA-3,Hassan Makki,4/11/2015
PPK0001193,GOLDE02,"Golden Chicken & Subs, Inc.",4/13/2015
PPK0001194,QUICK-6,"Quick Stop and Go, Inc.",4/12/2015
PPK0001195,HUBBE-1,"Hubbell Mini Mart, LLC",4/10/2015
PPK0001196,TOWN&-4,Town & Country Market,4/12/2015
PPK0001197,NEWME-3,New Merchant Food Center,4/13/2015
PPK0001198,UTICA-1,"Utica Express, Inc.",4/11/2015
PPK0001199,MCGEE-1,Mc Gee's Lounge,4/15/2015
PPK0001200,RASBE-1,"Rasberries Rythm Cafe, Inc.",4/17/2015
PPK0001201,LIONS-1,Lions Party Store,4/24/2015
PPK0001202,DETRO-2,Detroit Liquor & Wine,4/15/2015
PPK0001203,MSMAR-1,Ms. Mary's and Pete Too,4/14/2015
PPK0001204,H&LCO-1,Norm's Liquor Express,4/16/2015
PPK0001205,KLAUD-1,Klaudios Lyon Cantina,4/14/2015
PPK0001206,AMALA-1,Amal A Ghazzawi,4/14/2015
PPK0001207,CADIL-1,Cadillac Lounge/ JJ Langs,4/14/2015
PPK0001208,METRO03,"Metro Fuel, LLC",4/15/2015
PPK0001209,CITYS-1,"City Station, Inc.",4/16/2015
PPK0001210,PKPAR-1,"PK Party Store, Inc.",4/16/2015
PPK0001211,IMPER-9,The Imperial House,4/18/2015
PPK0001212,QMENT-1,"QM Enterprises, Inc.",4/15/2015
PPK0001213,TWCPE-1,"TWC Petro Mart, Inc.",4/16/2015
PPK0001214,NINEH-1,Nine & Hoover Petro Mart,4/16/2015
PPK0001215,PELZE-1,Pelzer's Party Shop,4/18/2015
PPK0001216,CJSPU-1,CJ's Pub,5/8/2015
PPK0001217,ALEXS-1,Alex Shore LLC,4/15/2015
PPK0001218,BRIDG-5,Bridge Lake Market,4/19/2015
PPK0001219,A1PAR-1,A-1 Party Store,4/30/2015
PPK0001220,TIMOT-2,Timothy's II,4/17/2015
PPK0001221,SABIN-1,Sabina's Restaurant,4/19/2015
PPK0001222,DEARB-2,"Dearborn Heights Properties, L",4/16/2015
PPK0001223,WISEG-1,Wise Guys Bar & Grill 2,4/15/2015
PPK0001224,QUICK-7,Quick Pac,4/20/2015
PPK0001225,F&LRE-1,"F & L Real Estate, LLC",4/20/2015
PPK0001226,TIMMY-1,"Timmy's Market, Inc.",4/20/2015
PPK0001227,WESTL08,"Westland Food & Fuel, Inc.",4/18/2015
PPK0001228,SOUNC-1,Sounco,4/20/2015
PPK0001229,AYANA-1,"Ayana Gas & Mart, Inc.",4/25/2015
PPK0001230,DEANS-1,"Dean's Liquor Shoppe, Inc.",4/21/2015
PPK0001231,BEIRU-1,Beirut Palace of Warren,4/17/2015
PPK0001232,H&SGA-1,H & S Gas & Food Mart,4/22/2015
PPK0001233,REDSE-1,"Red Sea Gas Mart, Inc.",4/16/2015
PPK0001234,HOOKA-1,"Hookah Hook Up, Inc.",4/7/2015
PPK0001235,OXFOR-2,Oxford Investment & Development,4/22/2015
PPK0001236,LAKES-8,Lake Street Tavern,3/27/2015
PPK0001237,ZMTEN-1,"ZMT Enterprise, LLC",5/1/2015
PPK0001238,PATTO-1,"Patton Service, Inc,",4/22/2015
PPK0001239,J&BTO-1,"J & B Tobacco, LLC",4/24/2015
PPK0001240,KSAOP-1,"KSA Operations, LLC",5/17/2015
PPK0001241,MEMEC-1,"Memeco, LLC",4/30/2015
PPK0001242,THREE-5,Three Star Party Store,4/22/2015
PPK0001243,STARG-2,"Star Gas & Go, Inc.",4/30/2015
PPK0001244,H&ZOI-1,"H & Z Oil Company, Inc.",4/25/2015
PPK0001245,KABOB-1,Kabob Kabob,4/23/2015
PPK0001246,S&RPE-1,"S & R Petro, Inc.",5/1/2015
PPK0001247,MMPET-1,"M & M Petroleum, LLC",4/22/2015
PPK0001248,SALEM-6,"Salem Food Center, LLC",4/24/2015
PPK0001249,CAPTA-2,Captains Quarters Lounge,4/24/2015
PPK0001250,MD12M-1,"MD 12 Mile, LLC",4/28/2015
PPK0001251,WOODW-5,"Woodward Express, Inc.",4/24/2015
PPK0001252,BRAND-7,"Brandons Beer & Wine, Inc.",5/1/2015
PPK0001253,FULLH-1,The Full House,4/26/2015
PPK0001254,7MILE-2,"7 Mile & Grand River Fuel, Inc",4/25/2015
PPK0001255,RADIG-1,"Radi Gas & Shop, Inc.",5/1/2015
PPK0001256,GARAS-1,"Garash Petroleum, Inc.",4/27/2015
PPK0001257,HANAA-1,"Hanaa Enterprise, LLC",5/1/2015
PPK0001258,BROOK-8,Brooksy's Sports Bar & Grill,5/1/2015
PPK0001259,EASTS-3,"Eastside Investment Co., LLC",4/28/2015
PPK0001260,RAMZI-2,"Ramzi Gas Mart, Inc.",4/28/2015
PPK0001261,JOYEX-1,Joy Express,4/30/2015
PPK0001262,KAVAL-1,"Kavalos and Son II, Inc.",3/18/2015
PPK0001263,BENNE-5,Bennett Lake Liquor,5/1/2015
PPK0001264,OMEGA-1,Omega Hawg & Dawg,4/30/2015
PPK0001265,LAKET-2,Laketon Marathon,4/30/2015
PPK0001266,CLUBC-1,Club Caribbean,4/30/2015
PPK0001267,NOURS-1,"Nour's Investments Group, LTD",5/1/2015
PPK0001268,BEIRU-3,"Beirut By Night, Inc.",5/6/2015
PPK0001269,DANNA-3,"Dannaoui Brother, Inc.",5/8/2015
PPK0001270,PALML-1,Palm Liquor,5/1/2015
PPK0001271,ACQUA-1,"Acqua Petro, Inc.",5/3/2015
PPK0001272,SANDY-1,Sandy's by the Beech,5/2/2015
PPK0001273,SIPBA-1,Sip Bar,5/4/2015
PPK0001274,FRENC-2,"French Mini Mart, Inc.",5/4/2015
PPK0001275,C&BGE-1,C & B General Store,5/3/2015
PPK0001276,STATE-8,"State Fair Gas Shop, Inc.",5/5/2015
PPK0001277,FENKE-2,"Fenkell Gas & Go, LLC",5/5/2015
PPK0001278,ZAREF-1,"Zaref, Inc.",5/5/2015
PPK0001279,GINAS-1,Gina's Pizza,4/27/2015
PPK0001280,A&COI-1,"A & C Oil Company, LLC",5/16/2015
PPK0001281,NZPRO-1,"N Z Properties, LLC",4/23/2015
PPK0001282,1950F-1,BP Gas Station,5/6/2015
PPK0001283,MOESS-1,Moes Service Station,5/6/2015
PPK0001284,STOP&-5,"Stop & Go No.10, Inc.",5/7/2015
PPK0001285,VANDY-6,"Van Dyke Fuel, LLC",4/27/2015
PPK0001286,MAYAF-1,"Maya Fuel, Inc.",5/7/2015
PPK0001287,HARPE-4,Harper Liquor Land,5/22/2015
PPK0001288,DETRO-2,"Detroit Finest II, Inc.",5/9/2015
PPK0001289,JIMSF-2,"Jim's Fill Up, Inc.",5/6/2015
PPK0001290,BVAMI-1,"BVA Mini Mart, LLC",5/11/2015
PPK0001291,SAMIQ-1,Sami Quik Stop,5/2/2015
PPK0001292,BUSCE-3,Buscemi's 67,5/9/2015
PPK0001293,LGEOR-2,L. Georges Restaurant Coney,5/12/2015
PPK0001294,BUSCE-1,Buscemi's Liquor & Fine Wine,6/1/2015
PPK0001295,PLYMO-3,"Plymouth Gas & Go, Inc.",6/12/2015
PPK0001296,GRACI-1,"Gracie's Place, LLC",4/28/2015
PPK0001297,GROES-4,"Groesbeck Mini Mart, Inc.",5/13/2015
PPK0001298,INKST-1,"Inkster Petro Mart, LLC",5/31/2015
PPK0001299,BUSCE-2,Buscemi's of Clarkson,5/13/2015
PPK0001300,RONSR-1,Rons Roadhouse Tavern,5/14/2015
PPK0001301,BAYDO-1,"Baydoun Brother, Inc.",5/24/2015
PPK0001302,L&SMA-1,"L & S Mart, Inc.",5/20/2015
PPK0001303,A&MGA-2,"A & M Gas Mart, Inc.",5/15/2015